office,district,candidate,party,county,votes
President/Vice President,,Kamala D. Harris and Tim Walz,Democratic,ADAIR,1086
President/Vice President,,Donald J. Trump and JD Vance,Republican,ADAIR,2916
President/Vice President,,Chase Oliver and Mike ter Maat,Libertarian,ADAIR,20
President/Vice President,,Shiva Ayyadurai and Crystal Ellis,Independent,ADAIR,5
President/Vice President,,Claudia De la Cruz and Karina Garcia,Party for Socialism and Liberation,ADAIR,1
President/Vice President,,William P. Stodden and Stephanie H. Cholensky,Independent,ADAIR,2
President/Vice President,,Robert F. Kennedy Jr and Nicole Shanahan,Independent,ADAIR,34
President/Vice President,,Write-in,Write-In,ADAIR,16
President/Vice President,,Kamala D. Harris and Tim Walz,Democratic,ADAMS,576
President/Vice President,,Donald J. Trump and JD Vance,Republican,ADAMS,1517
President/Vice President,,Chase Oliver and Mike ter Maat,Libertarian,ADAMS,9
President/Vice President,,Shiva Ayyadurai and Crystal Ellis,Independent,ADAMS,1
President/Vice President,,Claudia De la Cruz and Karina Garcia,Party for Socialism and Liberation,ADAMS,0
President/Vice President,,William P. Stodden and Stephanie H. Cholensky,Independent,ADAMS,0
President/Vice President,,Robert F. Kennedy Jr and Nicole Shanahan,Independent,ADAMS,28
President/Vice President,,Write-in,Write-In,ADAMS,4
President/Vice President,,Kamala D. Harris and Tim Walz,Democratic,ALLAMAKEE,2350
President/Vice President,,Donald J. Trump and JD Vance,Republican,ALLAMAKEE,4857
President/Vice President,,Chase Oliver and Mike ter Maat,Libertarian,ALLAMAKEE,28
President/Vice President,,Shiva Ayyadurai and Crystal Ellis,Independent,ALLAMAKEE,5
President/Vice President,,Claudia De la Cruz and Karina Garcia,Party for Socialism and Liberation,ALLAMAKEE,7
President/Vice President,,William P. Stodden and Stephanie H. Cholensky,Independent,ALLAMAKEE,1
President/Vice President,,Robert F. Kennedy Jr and Nicole Shanahan,Independent,ALLAMAKEE,55
President/Vice President,,Write-in,Write-In,ALLAMAKEE,15
President/Vice President,,Kamala D. Harris and Tim Walz,Democratic,APPANOOSE,1686
President/Vice President,,Donald J. Trump and JD Vance,Republican,APPANOOSE,4704
President/Vice President,,Chase Oliver and Mike ter Maat,Libertarian,APPANOOSE,22
President/Vice President,,Shiva Ayyadurai and Crystal Ellis,Independent,APPANOOSE,0
President/Vice President,,Claudia De la Cruz and Karina Garcia,Party for Socialism and Liberation,APPANOOSE,5
President/Vice President,,William P. Stodden and Stephanie H. Cholensky,Independent,APPANOOSE,1
President/Vice President,,Robert F. Kennedy Jr and Nicole Shanahan,Independent,APPANOOSE,48
President/Vice President,,Write-in,Write-In,APPANOOSE,18
President/Vice President,,Kamala D. Harris and Tim Walz,Democratic,AUDUBON,970
President/Vice President,,Donald J. Trump and JD Vance,Republican,AUDUBON,2214
President/Vice President,,Chase Oliver and Mike ter Maat,Libertarian,AUDUBON,8
President/Vice President,,Shiva Ayyadurai and Crystal Ellis,Independent,AUDUBON,2
President/Vice President,,Claudia De la Cruz and Karina Garcia,Party for Socialism and Liberation,AUDUBON,5
President/Vice President,,William P. Stodden and Stephanie H. Cholensky,Independent,AUDUBON,1
President/Vice President,,Robert F. Kennedy Jr and Nicole Shanahan,Independent,AUDUBON,39
President/Vice President,,Write-in,Write-In,AUDUBON,10
President/Vice President,,Kamala D. Harris and Tim Walz,Democratic,BENTON,4739
President/Vice President,,Donald J. Trump and JD Vance,Republican,BENTON,9549
President/Vice President,,Chase Oliver and Mike ter Maat,Libertarian,BENTON,65
President/Vice President,,Shiva Ayyadurai and Crystal Ellis,Independent,BENTON,9
President/Vice President,,Claudia De la Cruz and Karina Garcia,Party for Socialism and Liberation,BENTON,7
President/Vice President,,William P. Stodden and Stephanie H. Cholensky,Independent,BENTON,0
President/Vice President,,Robert F. Kennedy Jr and Nicole Shanahan,Independent,BENTON,101
President/Vice President,,Write-in,Write-In,BENTON,39
President/Vice President,,Kamala D. Harris and Tim Walz,Democratic,BLACK HAWK,31299
President/Vice President,,Donald J. Trump and JD Vance,Republican,BLACK HAWK,30572
President/Vice President,,Chase Oliver and Mike ter Maat,Libertarian,BLACK HAWK,248
President/Vice President,,Shiva Ayyadurai and Crystal Ellis,Independent,BLACK HAWK,25
President/Vice President,,Claudia De la Cruz and Karina Garcia,Party for Socialism and Liberation,BLACK HAWK,49
President/Vice President,,William P. Stodden and Stephanie H. Cholensky,Independent,BLACK HAWK,17
President/Vice President,,Robert F. Kennedy Jr and Nicole Shanahan,Independent,BLACK HAWK,443
President/Vice President,,Write-in,Write-In,BLACK HAWK,253
President/Vice President,,Kamala D. Harris and Tim Walz,Democratic,BOONE,5895
President/Vice President,,Donald J. Trump and JD Vance,Republican,BOONE,9199
President/Vice President,,Chase Oliver and Mike ter Maat,Libertarian,BOONE,80
President/Vice President,,Shiva Ayyadurai and Crystal Ellis,Independent,BOONE,3
President/Vice President,,Claudia De la Cruz and Karina Garcia,Party for Socialism and Liberation,BOONE,14
President/Vice President,,William P. Stodden and Stephanie H. Cholensky,Independent,BOONE,4
President/Vice President,,Robert F. Kennedy Jr and Nicole Shanahan,Independent,BOONE,151
President/Vice President,,Write-in,Write-In,BOONE,57
President/Vice President,,Kamala D. Harris and Tim Walz,Democratic,BREMER,5571
President/Vice President,,Donald J. Trump and JD Vance,Republican,BREMER,8799
President/Vice President,,Chase Oliver and Mike ter Maat,Libertarian,BREMER,65
President/Vice President,,Shiva Ayyadurai and Crystal Ellis,Independent,BREMER,4
President/Vice President,,Claudia De la Cruz and Karina Garcia,Party for Socialism and Liberation,BREMER,1
President/Vice President,,William P. Stodden and Stephanie H. Cholensky,Independent,BREMER,3
President/Vice President,,Robert F. Kennedy Jr and Nicole Shanahan,Independent,BREMER,113
President/Vice President,,Write-in,Write-In,BREMER,51
President/Vice President,,Kamala D. Harris and Tim Walz,Democratic,BUCHANAN,3766
President/Vice President,,Donald J. Trump and JD Vance,Republican,BUCHANAN,6790
President/Vice President,,Chase Oliver and Mike ter Maat,Libertarian,BUCHANAN,45
President/Vice President,,Shiva Ayyadurai and Crystal Ellis,Independent,BUCHANAN,2
President/Vice President,,Claudia De la Cruz and Karina Garcia,Party for Socialism and Liberation,BUCHANAN,4
President/Vice President,,William P. Stodden and Stephanie H. Cholensky,Independent,BUCHANAN,3
President/Vice President,,Robert F. Kennedy Jr and Nicole Shanahan,Independent,BUCHANAN,104
President/Vice President,,Write-in,Write-In,BUCHANAN,36
President/Vice President,,Kamala D. Harris and Tim Walz,Democratic,BUENA VISTA,2462
President/Vice President,,Donald J. Trump and JD Vance,Republican,BUENA VISTA,4962
President/Vice President,,Chase Oliver and Mike ter Maat,Libertarian,BUENA VISTA,22
President/Vice President,,Shiva Ayyadurai and Crystal Ellis,Independent,BUENA VISTA,2
President/Vice President,,Claudia De la Cruz and Karina Garcia,Party for Socialism and Liberation,BUENA VISTA,6
President/Vice President,,William P. Stodden and Stephanie H. Cholensky,Independent,BUENA VISTA,6
President/Vice President,,Robert F. Kennedy Jr and Nicole Shanahan,Independent,BUENA VISTA,56
President/Vice President,,Write-in,Write-In,BUENA VISTA,21
President/Vice President,,Kamala D. Harris and Tim Walz,Democratic,BUTLER,2144
President/Vice President,,Donald J. Trump and JD Vance,Republican,BUTLER,5784
President/Vice President,,Chase Oliver and Mike ter Maat,Libertarian,BUTLER,23
President/Vice President,,Shiva Ayyadurai and Crystal Ellis,Independent,BUTLER,0
President/Vice President,,Claudia De la Cruz and Karina Garcia,Party for Socialism and Liberation,BUTLER,5
President/Vice President,,William P. Stodden and Stephanie H. Cholensky,Independent,BUTLER,2
President/Vice President,,Robert F. Kennedy Jr and Nicole Shanahan,Independent,BUTLER,69
President/Vice President,,Write-in,Write-In,BUTLER,19
President/Vice President,,Kamala D. Harris and Tim Walz,Democratic,CALHOUN,1328
President/Vice President,,Donald J. Trump and JD Vance,Republican,CALHOUN,3708
President/Vice President,,Chase Oliver and Mike ter Maat,Libertarian,CALHOUN,15
President/Vice President,,Shiva Ayyadurai and Crystal Ellis,Independent,CALHOUN,0
President/Vice President,,Claudia De la Cruz and Karina Garcia,Party for Socialism and Liberation,CALHOUN,1
President/Vice President,,William P. Stodden and Stephanie H. Cholensky,Independent,CALHOUN,0
President/Vice President,,Robert F. Kennedy Jr and Nicole Shanahan,Independent,CALHOUN,41
President/Vice President,,Write-in,Write-In,CALHOUN,4
President/Vice President,,Kamala D. Harris and Tim Walz,Democratic,CARROLL,3153
President/Vice President,,Donald J. Trump and JD Vance,Republican,CARROLL,7814
President/Vice President,,Chase Oliver and Mike ter Maat,Libertarian,CARROLL,29
President/Vice President,,Shiva Ayyadurai and Crystal Ellis,Independent,CARROLL,2
President/Vice President,,Claudia De la Cruz and Karina Garcia,Party for Socialism and Liberation,CARROLL,6
President/Vice President,,William P. Stodden and Stephanie H. Cholensky,Independent,CARROLL,2
President/Vice President,,Robert F. Kennedy Jr and Nicole Shanahan,Independent,CARROLL,114
President/Vice President,,Write-in,Write-In,CARROLL,20
President/Vice President,,Kamala D. Harris and Tim Walz,Democratic,CASS,2077
President/Vice President,,Donald J. Trump and JD Vance,Republican,CASS,5007
President/Vice President,,Chase Oliver and Mike ter Maat,Libertarian,CASS,30
President/Vice President,,Shiva Ayyadurai and Crystal Ellis,Independent,CASS,1
President/Vice President,,Claudia De la Cruz and Karina Garcia,Party for Socialism and Liberation,CASS,1
President/Vice President,,William P. Stodden and Stephanie H. Cholensky,Independent,CASS,3
President/Vice President,,Robert F. Kennedy Jr and Nicole Shanahan,Independent,CASS,76
President/Vice President,,Write-in,Write-In,CASS,22
President/Vice President,,Kamala D. Harris and Tim Walz,Democratic,CEDAR,4075
President/Vice President,,Donald J. Trump and JD Vance,Republican,CEDAR,6390
President/Vice President,,Chase Oliver and Mike ter Maat,Libertarian,CEDAR,46
President/Vice President,,Shiva Ayyadurai and Crystal Ellis,Independent,CEDAR,6
President/Vice President,,Claudia De la Cruz and Karina Garcia,Party for Socialism and Liberation,CEDAR,8
President/Vice President,,William P. Stodden and Stephanie H. Cholensky,Independent,CEDAR,2
President/Vice President,,Robert F. Kennedy Jr and Nicole Shanahan,Independent,CEDAR,97
President/Vice President,,Write-in,Write-In,CEDAR,20
President/Vice President,,Kamala D. Harris and Tim Walz,Democratic,CERRO GORDO,9955
President/Vice President,,Donald J. Trump and JD Vance,Republican,CERRO GORDO,12627
President/Vice President,,Chase Oliver and Mike ter Maat,Libertarian,CERRO GORDO,103
President/Vice President,,Shiva Ayyadurai and Crystal Ellis,Independent,CERRO GORDO,6
President/Vice President,,Claudia De la Cruz and Karina Garcia,Party for Socialism and Liberation,CERRO GORDO,18
President/Vice President,,William P. Stodden and Stephanie H. Cholensky,Independent,CERRO GORDO,4
President/Vice President,,Robert F. Kennedy Jr and Nicole Shanahan,Independent,CERRO GORDO,229
President/Vice President,,Write-in,Write-In,CERRO GORDO,78
President/Vice President,,Kamala D. Harris and Tim Walz,Democratic,CHEROKEE,1611
President/Vice President,,Donald J. Trump and JD Vance,Republican,CHEROKEE,4398
President/Vice President,,Chase Oliver and Mike ter Maat,Libertarian,CHEROKEE,23
President/Vice President,,Shiva Ayyadurai and Crystal Ellis,Independent,CHEROKEE,2
President/Vice President,,Claudia De la Cruz and Karina Garcia,Party for Socialism and Liberation,CHEROKEE,2
President/Vice President,,William P. Stodden and Stephanie H. Cholensky,Independent,CHEROKEE,2
President/Vice President,,Robert F. Kennedy Jr and Nicole Shanahan,Independent,CHEROKEE,51
President/Vice President,,Write-in,Write-In,CHEROKEE,16
President/Vice President,,Kamala D. Harris and Tim Walz,Democratic,CHICKASAW,1919
President/Vice President,,Donald J. Trump and JD Vance,Republican,CHICKASAW,4234
President/Vice President,,Chase Oliver and Mike ter Maat,Libertarian,CHICKASAW,11
President/Vice President,,Shiva Ayyadurai and Crystal Ellis,Independent,CHICKASAW,0
President/Vice President,,Claudia De la Cruz and Karina Garcia,Party for Socialism and Liberation,CHICKASAW,4
President/Vice President,,William P. Stodden and Stephanie H. Cholensky,Independent,CHICKASAW,2
President/Vice President,,Robert F. Kennedy Jr and Nicole Shanahan,Independent,CHICKASAW,60
President/Vice President,,Write-in,Write-In,CHICKASAW,9
President/Vice President,,Kamala D. Harris and Tim Walz,Democratic,CLARKE,1265
President/Vice President,,Donald J. Trump and JD Vance,Republican,CLARKE,3140
President/Vice President,,Chase Oliver and Mike ter Maat,Libertarian,CLARKE,10
President/Vice President,,Shiva Ayyadurai and Crystal Ellis,Independent,CLARKE,0
President/Vice President,,Claudia De la Cruz and Karina Garcia,Party for Socialism and Liberation,CLARKE,3
President/Vice President,,William P. Stodden and Stephanie H. Cholensky,Independent,CLARKE,1
President/Vice President,,Robert F. Kennedy Jr and Nicole Shanahan,Independent,CLARKE,40
President/Vice President,,Write-in,Write-In,CLARKE,20
President/Vice President,,Kamala D. Harris and Tim Walz,Democratic,CLAY,2367
President/Vice President,,Donald J. Trump and JD Vance,Republican,CLAY,6047
President/Vice President,,Chase Oliver and Mike ter Maat,Libertarian,CLAY,33
President/Vice President,,Shiva Ayyadurai and Crystal Ellis,Independent,CLAY,2
President/Vice President,,Claudia De la Cruz and Karina Garcia,Party for Socialism and Liberation,CLAY,5
President/Vice President,,William P. Stodden and Stephanie H. Cholensky,Independent,CLAY,1
President/Vice President,,Robert F. Kennedy Jr and Nicole Shanahan,Independent,CLAY,59
President/Vice President,,Write-in,Write-In,CLAY,27
President/Vice President,,Kamala D. Harris and Tim Walz,Democratic,CLAYTON,3017
President/Vice President,,Donald J. Trump and JD Vance,Republican,CLAYTON,6255
President/Vice President,,Chase Oliver and Mike ter Maat,Libertarian,CLAYTON,34
President/Vice President,,Shiva Ayyadurai and Crystal Ellis,Independent,CLAYTON,6
President/Vice President,,Claudia De la Cruz and Karina Garcia,Party for Socialism and Liberation,CLAYTON,5
President/Vice President,,William P. Stodden and Stephanie H. Cholensky,Independent,CLAYTON,1
President/Vice President,,Robert F. Kennedy Jr and Nicole Shanahan,Independent,CLAYTON,63
President/Vice President,,Write-in,Write-In,CLAYTON,19
President/Vice President,,Kamala D. Harris and Tim Walz,Democratic,CLINTON,9472
President/Vice President,,Donald J. Trump and JD Vance,Republican,CLINTON,13964
President/Vice President,,Chase Oliver and Mike ter Maat,Libertarian,CLINTON,91
President/Vice President,,Shiva Ayyadurai and Crystal Ellis,Independent,CLINTON,7
President/Vice President,,Claudia De la Cruz and Karina Garcia,Party for Socialism and Liberation,CLINTON,21
President/Vice President,,William P. Stodden and Stephanie H. Cholensky,Independent,CLINTON,8
President/Vice President,,Robert F. Kennedy Jr and Nicole Shanahan,Independent,CLINTON,250
President/Vice President,,Write-in,Write-In,CLINTON,65
President/Vice President,,Kamala D. Harris and Tim Walz,Democratic,CRAWFORD,1812
President/Vice President,,Donald J. Trump and JD Vance,Republican,CRAWFORD,4651
President/Vice President,,Chase Oliver and Mike ter Maat,Libertarian,CRAWFORD,11
President/Vice President,,Shiva Ayyadurai and Crystal Ellis,Independent,CRAWFORD,2
President/Vice President,,Claudia De la Cruz and Karina Garcia,Party for Socialism and Liberation,CRAWFORD,3
President/Vice President,,William P. Stodden and Stephanie H. Cholensky,Independent,CRAWFORD,1
President/Vice President,,Robert F. Kennedy Jr and Nicole Shanahan,Independent,CRAWFORD,45
President/Vice President,,Write-in,Write-In,CRAWFORD,20
President/Vice President,,Kamala D. Harris and Tim Walz,Democratic,DALLAS,29402
President/Vice President,,Donald J. Trump and JD Vance,Republican,DALLAS,32374
President/Vice President,,Chase Oliver and Mike ter Maat,Libertarian,DALLAS,321
President/Vice President,,Shiva Ayyadurai and Crystal Ellis,Independent,DALLAS,8
President/Vice President,,Claudia De la Cruz and Karina Garcia,Party for Socialism and Liberation,DALLAS,43
President/Vice President,,William P. Stodden and Stephanie H. Cholensky,Independent,DALLAS,6
President/Vice President,,Robert F. Kennedy Jr and Nicole Shanahan,Independent,DALLAS,479
President/Vice President,,Write-in,Write-In,DALLAS,328
President/Vice President,,Kamala D. Harris and Tim Walz,Democratic,DAVIS,878
President/Vice President,,Donald J. Trump and JD Vance,Republican,DAVIS,3027
President/Vice President,,Chase Oliver and Mike ter Maat,Libertarian,DAVIS,6
President/Vice President,,Shiva Ayyadurai and Crystal Ellis,Independent,DAVIS,0
President/Vice President,,Claudia De la Cruz and Karina Garcia,Party for Socialism and Liberation,DAVIS,1
President/Vice President,,William P. Stodden and Stephanie H. Cholensky,Independent,DAVIS,0
President/Vice President,,Robert F. Kennedy Jr and Nicole Shanahan,Independent,DAVIS,38
President/Vice President,,Write-in,Write-In,DAVIS,4
President/Vice President,,Kamala D. Harris and Tim Walz,Democratic,DECATUR,957
President/Vice President,,Donald J. Trump and JD Vance,Republican,DECATUR,2711
President/Vice President,,Chase Oliver and Mike ter Maat,Libertarian,DECATUR,13
President/Vice President,,Shiva Ayyadurai and Crystal Ellis,Independent,DECATUR,1
President/Vice President,,Claudia De la Cruz and Karina Garcia,Party for Socialism and Liberation,DECATUR,1
President/Vice President,,William P. Stodden and Stephanie H. Cholensky,Independent,DECATUR,2
President/Vice President,,Robert F. Kennedy Jr and Nicole Shanahan,Independent,DECATUR,42
President/Vice President,,Write-in,Write-In,DECATUR,12
President/Vice President,,Kamala D. Harris and Tim Walz,Democratic,DELAWARE,2978
President/Vice President,,Donald J. Trump and JD Vance,Republican,DELAWARE,6984
President/Vice President,,Chase Oliver and Mike ter Maat,Libertarian,DELAWARE,51
President/Vice President,,Shiva Ayyadurai and Crystal Ellis,Independent,DELAWARE,1
President/Vice President,,Claudia De la Cruz and Karina Garcia,Party for Socialism and Liberation,DELAWARE,4
President/Vice President,,William P. Stodden and Stephanie H. Cholensky,Independent,DELAWARE,3
President/Vice President,,Robert F. Kennedy Jr and Nicole Shanahan,Independent,DELAWARE,91
President/Vice President,,Write-in,Write-In,DELAWARE,26
President/Vice President,,Kamala D. Harris and Tim Walz,Democratic,DES MOINES,7935
President/Vice President,,Donald J. Trump and JD Vance,Republican,DES MOINES,10794
President/Vice President,,Chase Oliver and Mike ter Maat,Libertarian,DES MOINES,80
President/Vice President,,Shiva Ayyadurai and Crystal Ellis,Independent,DES MOINES,6
President/Vice President,,Claudia De la Cruz and Karina Garcia,Party for Socialism and Liberation,DES MOINES,11
President/Vice President,,William P. Stodden and Stephanie H. Cholensky,Independent,DES MOINES,2
President/Vice President,,Robert F. Kennedy Jr and Nicole Shanahan,Independent,DES MOINES,170
President/Vice President,,Write-in,Write-In,DES MOINES,56
President/Vice President,,Kamala D. Harris and Tim Walz,Democratic,DICKINSON,3297
President/Vice President,,Donald J. Trump and JD Vance,Republican,DICKINSON,7775
President/Vice President,,Chase Oliver and Mike ter Maat,Libertarian,DICKINSON,34
President/Vice President,,Shiva Ayyadurai and Crystal Ellis,Independent,DICKINSON,2
President/Vice President,,Claudia De la Cruz and Karina Garcia,Party for Socialism and Liberation,DICKINSON,3
President/Vice President,,William P. Stodden and Stephanie H. Cholensky,Independent,DICKINSON,1
President/Vice President,,Robert F. Kennedy Jr and Nicole Shanahan,Independent,DICKINSON,80
President/Vice President,,Write-in,Write-In,DICKINSON,42
President/Vice President,,Kamala D. Harris and Tim Walz,Democratic,DUBUQUE,23705
President/Vice President,,Donald J. Trump and JD Vance,Republican,DUBUQUE,28224
President/Vice President,,Chase Oliver and Mike ter Maat,Libertarian,DUBUQUE,203
President/Vice President,,Shiva Ayyadurai and Crystal Ellis,Independent,DUBUQUE,5
President/Vice President,,Claudia De la Cruz and Karina Garcia,Party for Socialism and Liberation,DUBUQUE,40
President/Vice President,,William P. Stodden and Stephanie H. Cholensky,Independent,DUBUQUE,12
President/Vice President,,Robert F. Kennedy Jr and Nicole Shanahan,Independent,DUBUQUE,377
President/Vice President,,Write-in,Write-In,DUBUQUE,204
President/Vice President,,Kamala D. Harris and Tim Walz,Democratic,EMMET,1315
President/Vice President,,Donald J. Trump and JD Vance,Republican,EMMET,3422
President/Vice President,,Chase Oliver and Mike ter Maat,Libertarian,EMMET,12
President/Vice President,,Shiva Ayyadurai and Crystal Ellis,Independent,EMMET,1
President/Vice President,,Claudia De la Cruz and Karina Garcia,Party for Socialism and Liberation,EMMET,4
President/Vice President,,William P. Stodden and Stephanie H. Cholensky,Independent,EMMET,1
President/Vice President,,Robert F. Kennedy Jr and Nicole Shanahan,Independent,EMMET,31
President/Vice President,,Write-in,Write-In,EMMET,12
President/Vice President,,Kamala D. Harris and Tim Walz,Democratic,FAYETTE,3334
President/Vice President,,Donald J. Trump and JD Vance,Republican,FAYETTE,6325
President/Vice President,,Chase Oliver and Mike ter Maat,Libertarian,FAYETTE,45
President/Vice President,,Shiva Ayyadurai and Crystal Ellis,Independent,FAYETTE,0
President/Vice President,,Claudia De la Cruz and Karina Garcia,Party for Socialism and Liberation,FAYETTE,7
President/Vice President,,William P. Stodden and Stephanie H. Cholensky,Independent,FAYETTE,2
President/Vice President,,Robert F. Kennedy Jr and Nicole Shanahan,Independent,FAYETTE,104
President/Vice President,,Write-in,Write-In,FAYETTE,31
President/Vice President,,Kamala D. Harris and Tim Walz,Democratic,FLOYD,2782
President/Vice President,,Donald J. Trump and JD Vance,Republican,FLOYD,4744
President/Vice President,,Chase Oliver and Mike ter Maat,Libertarian,FLOYD,29
President/Vice President,,Shiva Ayyadurai and Crystal Ellis,Independent,FLOYD,1
President/Vice President,,Claudia De la Cruz and Karina Garcia,Party for Socialism and Liberation,FLOYD,5
President/Vice President,,William P. Stodden and Stephanie H. Cholensky,Independent,FLOYD,1
President/Vice President,,Robert F. Kennedy Jr and Nicole Shanahan,Independent,FLOYD,63
President/Vice President,,Write-in,Write-In,FLOYD,25
President/Vice President,,Kamala D. Harris and Tim Walz,Democratic,FRANKLIN,1393
President/Vice President,,Donald J. Trump and JD Vance,Republican,FRANKLIN,3431
President/Vice President,,Chase Oliver and Mike ter Maat,Libertarian,FRANKLIN,18
President/Vice President,,Shiva Ayyadurai and Crystal Ellis,Independent,FRANKLIN,3
President/Vice President,,Claudia De la Cruz and Karina Garcia,Party for Socialism and Liberation,FRANKLIN,1
President/Vice President,,William P. Stodden and Stephanie H. Cholensky,Independent,FRANKLIN,1
President/Vice President,,Robert F. Kennedy Jr and Nicole Shanahan,Independent,FRANKLIN,38
President/Vice President,,Write-in,Write-In,FRANKLIN,15
President/Vice President,,Kamala D. Harris and Tim Walz,Democratic,FREMONT,1023
President/Vice President,,Donald J. Trump and JD Vance,Republican,FREMONT,2711
President/Vice President,,Chase Oliver and Mike ter Maat,Libertarian,FREMONT,15
President/Vice President,,Shiva Ayyadurai and Crystal Ellis,Independent,FREMONT,0
President/Vice President,,Claudia De la Cruz and Karina Garcia,Party for Socialism and Liberation,FREMONT,1
President/Vice President,,William P. Stodden and Stephanie H. Cholensky,Independent,FREMONT,0
President/Vice President,,Robert F. Kennedy Jr and Nicole Shanahan,Independent,FREMONT,35
President/Vice President,,Write-in,Write-In,FREMONT,10
President/Vice President,,Kamala D. Harris and Tim Walz,Democratic,GREENE,1603
President/Vice President,,Donald J. Trump and JD Vance,Republican,GREENE,3211
President/Vice President,,Chase Oliver and Mike ter Maat,Libertarian,GREENE,24
President/Vice President,,Shiva Ayyadurai and Crystal Ellis,Independent,GREENE,0
President/Vice President,,Claudia De la Cruz and Karina Garcia,Party for Socialism and Liberation,GREENE,2
President/Vice President,,William P. Stodden and Stephanie H. Cholensky,Independent,GREENE,0
President/Vice President,,Robert F. Kennedy Jr and Nicole Shanahan,Independent,GREENE,34
President/Vice President,,Write-in,Write-In,GREENE,7
President/Vice President,,Kamala D. Harris and Tim Walz,Democratic,GRUNDY,2019
President/Vice President,,Donald J. Trump and JD Vance,Republican,GRUNDY,4998
President/Vice President,,Chase Oliver and Mike ter Maat,Libertarian,GRUNDY,23
President/Vice President,,Shiva Ayyadurai and Crystal Ellis,Independent,GRUNDY,2
President/Vice President,,Claudia De la Cruz and Karina Garcia,Party for Socialism and Liberation,GRUNDY,1
President/Vice President,,William P. Stodden and Stephanie H. Cholensky,Independent,GRUNDY,4
President/Vice President,,Robert F. Kennedy Jr and Nicole Shanahan,Independent,GRUNDY,84
President/Vice President,,Write-in,Write-In,GRUNDY,15
President/Vice President,,Kamala D. Harris and Tim Walz,Democratic,GUTHRIE,1974
President/Vice President,,Donald J. Trump and JD Vance,Republican,GUTHRIE,4446
President/Vice President,,Chase Oliver and Mike ter Maat,Libertarian,GUTHRIE,29
President/Vice President,,Shiva Ayyadurai and Crystal Ellis,Independent,GUTHRIE,0
President/Vice President,,Claudia De la Cruz and Karina Garcia,Party for Socialism and Liberation,GUTHRIE,3
President/Vice President,,William P. Stodden and Stephanie H. Cholensky,Independent,GUTHRIE,0
President/Vice President,,Robert F. Kennedy Jr and Nicole Shanahan,Independent,GUTHRIE,62
President/Vice President,,Write-in,Write-In,GUTHRIE,29
President/Vice President,,Kamala D. Harris and Tim Walz,Democratic,HAMILTON,2482
President/Vice President,,Donald J. Trump and JD Vance,Republican,HAMILTON,5004
President/Vice President,,Chase Oliver and Mike ter Maat,Libertarian,HAMILTON,28
President/Vice President,,Shiva Ayyadurai and Crystal Ellis,Independent,HAMILTON,3
President/Vice President,,Claudia De la Cruz and Karina Garcia,Party for Socialism and Liberation,HAMILTON,4
President/Vice President,,William P. Stodden and Stephanie H. Cholensky,Independent,HAMILTON,1
President/Vice President,,Robert F. Kennedy Jr and Nicole Shanahan,Independent,HAMILTON,51
President/Vice President,,Write-in,Write-In,HAMILTON,24
President/Vice President,,Kamala D. Harris and Tim Walz,Democratic,HANCOCK,1523
President/Vice President,,Donald J. Trump and JD Vance,Republican,HANCOCK,4336
President/Vice President,,Chase Oliver and Mike ter Maat,Libertarian,HANCOCK,21
President/Vice President,,Shiva Ayyadurai and Crystal Ellis,Independent,HANCOCK,3
President/Vice President,,Claudia De la Cruz and Karina Garcia,Party for Socialism and Liberation,HANCOCK,1
President/Vice President,,William P. Stodden and Stephanie H. Cholensky,Independent,HANCOCK,1
President/Vice President,,Robert F. Kennedy Jr and Nicole Shanahan,Independent,HANCOCK,48
President/Vice President,,Write-in,Write-In,HANCOCK,6
President/Vice President,,Kamala D. Harris and Tim Walz,Democratic,HARDIN,2553
President/Vice President,,Donald J. Trump and JD Vance,Republican,HARDIN,5790
President/Vice President,,Chase Oliver and Mike ter Maat,Libertarian,HARDIN,27
President/Vice President,,Shiva Ayyadurai and Crystal Ellis,Independent,HARDIN,3
President/Vice President,,Claudia De la Cruz and Karina Garcia,Party for Socialism and Liberation,HARDIN,6
President/Vice President,,William P. Stodden and Stephanie H. Cholensky,Independent,HARDIN,5
President/Vice President,,Robert F. Kennedy Jr and Nicole Shanahan,Independent,HARDIN,50
President/Vice President,,Write-in,Write-In,HARDIN,26
President/Vice President,,Kamala D. Harris and Tim Walz,Democratic,HARRISON,2245
President/Vice President,,Donald J. Trump and JD Vance,Republican,HARRISON,5566
President/Vice President,,Chase Oliver and Mike ter Maat,Libertarian,HARRISON,36
President/Vice President,,Shiva Ayyadurai and Crystal Ellis,Independent,HARRISON,1
President/Vice President,,Claudia De la Cruz and Karina Garcia,Party for Socialism and Liberation,HARRISON,4
President/Vice President,,William P. Stodden and Stephanie H. Cholensky,Independent,HARRISON,3
President/Vice President,,Robert F. Kennedy Jr and Nicole Shanahan,Independent,HARRISON,83
President/Vice President,,Write-in,Write-In,HARRISON,21
President/Vice President,,Kamala D. Harris and Tim Walz,Democratic,HENRY,2995
President/Vice President,,Donald J. Trump and JD Vance,Republican,HENRY,6439
President/Vice President,,Chase Oliver and Mike ter Maat,Libertarian,HENRY,32
President/Vice President,,Shiva Ayyadurai and Crystal Ellis,Independent,HENRY,5
President/Vice President,,Claudia De la Cruz and Karina Garcia,Party for Socialism and Liberation,HENRY,13
President/Vice President,,William P. Stodden and Stephanie H. Cholensky,Independent,HENRY,2
President/Vice President,,Robert F. Kennedy Jr and Nicole Shanahan,Independent,HENRY,88
President/Vice President,,Write-in,Write-In,HENRY,26
President/Vice President,,Kamala D. Harris and Tim Walz,Democratic,HOWARD,1619
President/Vice President,,Donald J. Trump and JD Vance,Republican,HOWARD,3157
President/Vice President,,Chase Oliver and Mike ter Maat,Libertarian,HOWARD,8
President/Vice President,,Shiva Ayyadurai and Crystal Ellis,Independent,HOWARD,0
President/Vice President,,Claudia De la Cruz and Karina Garcia,Party for Socialism and Liberation,HOWARD,3
President/Vice President,,William P. Stodden and Stephanie H. Cholensky,Independent,HOWARD,0
President/Vice President,,Robert F. Kennedy Jr and Nicole Shanahan,Independent,HOWARD,50
President/Vice President,,Write-in,Write-In,HOWARD,13
President/Vice President,,Kamala D. Harris and Tim Walz,Democratic,HUMBOLDT,1236
President/Vice President,,Donald J. Trump and JD Vance,Republican,HUMBOLDT,3770
President/Vice President,,Chase Oliver and Mike ter Maat,Libertarian,HUMBOLDT,17
President/Vice President,,Shiva Ayyadurai and Crystal Ellis,Independent,HUMBOLDT,0
President/Vice President,,Claudia De la Cruz and Karina Garcia,Party for Socialism and Liberation,HUMBOLDT,3
President/Vice President,,William P. Stodden and Stephanie H. Cholensky,Independent,HUMBOLDT,1
President/Vice President,,Robert F. Kennedy Jr and Nicole Shanahan,Independent,HUMBOLDT,40
President/Vice President,,Write-in,Write-In,HUMBOLDT,16
President/Vice President,,Kamala D. Harris and Tim Walz,Democratic,IDA,826
President/Vice President,,Donald J. Trump and JD Vance,Republican,IDA,2771
President/Vice President,,Chase Oliver and Mike ter Maat,Libertarian,IDA,11
President/Vice President,,Shiva Ayyadurai and Crystal Ellis,Independent,IDA,0
President/Vice President,,Claudia De la Cruz and Karina Garcia,Party for Socialism and Liberation,IDA,4
President/Vice President,,William P. Stodden and Stephanie H. Cholensky,Independent,IDA,1
President/Vice President,,Robert F. Kennedy Jr and Nicole Shanahan,Independent,IDA,29
President/Vice President,,Write-in,Write-In,IDA,13
President/Vice President,,Kamala D. Harris and Tim Walz,Democratic,IOWA,3400
President/Vice President,,Donald J. Trump and JD Vance,Republican,IOWA,6068
President/Vice President,,Chase Oliver and Mike ter Maat,Libertarian,IOWA,48
President/Vice President,,Shiva Ayyadurai and Crystal Ellis,Independent,IOWA,5
President/Vice President,,Claudia De la Cruz and Karina Garcia,Party for Socialism and Liberation,IOWA,8
President/Vice President,,William P. Stodden and Stephanie H. Cholensky,Independent,IOWA,4
President/Vice President,,Robert F. Kennedy Jr and Nicole Shanahan,Independent,IOWA,84
President/Vice President,,Write-in,Write-In,IOWA,22
President/Vice President,,Kamala D. Harris and Tim Walz,Democratic,JACKSON,3567
President/Vice President,,Donald J. Trump and JD Vance,Republican,JACKSON,7074
President/Vice President,,Chase Oliver and Mike ter Maat,Libertarian,JACKSON,37
President/Vice President,,Shiva Ayyadurai and Crystal Ellis,Independent,JACKSON,1
President/Vice President,,Claudia De la Cruz and Karina Garcia,Party for Socialism and Liberation,JACKSON,6
President/Vice President,,William P. Stodden and Stephanie H. Cholensky,Independent,JACKSON,3
President/Vice President,,Robert F. Kennedy Jr and Nicole Shanahan,Independent,JACKSON,94
President/Vice President,,Write-in,Write-In,JACKSON,19
President/Vice President,,Kamala D. Harris and Tim Walz,Democratic,JASPER,7141
President/Vice President,,Donald J. Trump and JD Vance,Republican,JASPER,12701
President/Vice President,,Chase Oliver and Mike ter Maat,Libertarian,JASPER,100
President/Vice President,,Shiva Ayyadurai and Crystal Ellis,Independent,JASPER,7
President/Vice President,,Claudia De la Cruz and Karina Garcia,Party for Socialism and Liberation,JASPER,7
President/Vice President,,William P. Stodden and Stephanie H. Cholensky,Independent,JASPER,1
President/Vice President,,Robert F. Kennedy Jr and Nicole Shanahan,Independent,JASPER,192
President/Vice President,,Write-in,Write-In,JASPER,49
President/Vice President,,Kamala D. Harris and Tim Walz,Democratic,JEFFERSON,3788
President/Vice President,,Donald J. Trump and JD Vance,Republican,JEFFERSON,4353
President/Vice President,,Chase Oliver and Mike ter Maat,Libertarian,JEFFERSON,43
President/Vice President,,Shiva Ayyadurai and Crystal Ellis,Independent,JEFFERSON,12
President/Vice President,,Claudia De la Cruz and Karina Garcia,Party for Socialism and Liberation,JEFFERSON,12
President/Vice President,,William P. Stodden and Stephanie H. Cholensky,Independent,JEFFERSON,3
President/Vice President,,Robert F. Kennedy Jr and Nicole Shanahan,Independent,JEFFERSON,106
President/Vice President,,Write-in,Write-In,JEFFERSON,29
President/Vice President,,Kamala D. Harris and Tim Walz,Democratic,JOHNSON,58846
President/Vice President,,Donald J. Trump and JD Vance,Republican,JOHNSON,26087
President/Vice President,,Chase Oliver and Mike ter Maat,Libertarian,JOHNSON,402
President/Vice President,,Shiva Ayyadurai and Crystal Ellis,Independent,JOHNSON,14
President/Vice President,,Claudia De la Cruz and Karina Garcia,Party for Socialism and Liberation,JOHNSON,218
President/Vice President,,William P. Stodden and Stephanie H. Cholensky,Independent,JOHNSON,17
President/Vice President,,Robert F. Kennedy Jr and Nicole Shanahan,Independent,JOHNSON,484
President/Vice President,,Write-in,Write-In,JOHNSON,576
President/Vice President,,Kamala D. Harris and Tim Walz,Democratic,JONES,3942
President/Vice President,,Donald J. Trump and JD Vance,Republican,JONES,6820
President/Vice President,,Chase Oliver and Mike ter Maat,Libertarian,JONES,52
President/Vice President,,Shiva Ayyadurai and Crystal Ellis,Independent,JONES,6
President/Vice President,,Claudia De la Cruz and Karina Garcia,Party for Socialism and Liberation,JONES,7
President/Vice President,,William P. Stodden and Stephanie H. Cholensky,Independent,JONES,1
President/Vice President,,Robert F. Kennedy Jr and Nicole Shanahan,Independent,JONES,121
President/Vice President,,Write-in,Write-In,JONES,31
President/Vice President,,Kamala D. Harris and Tim Walz,Democratic,KEOKUK,1219
President/Vice President,,Donald J. Trump and JD Vance,Republican,KEOKUK,3869
President/Vice President,,Chase Oliver and Mike ter Maat,Libertarian,KEOKUK,11
President/Vice President,,Shiva Ayyadurai and Crystal Ellis,Independent,KEOKUK,0
President/Vice President,,Claudia De la Cruz and Karina Garcia,Party for Socialism and Liberation,KEOKUK,0
President/Vice President,,William P. Stodden and Stephanie H. Cholensky,Independent,KEOKUK,1
President/Vice President,,Robert F. Kennedy Jr and Nicole Shanahan,Independent,KEOKUK,42
President/Vice President,,Write-in,Write-In,KEOKUK,8
President/Vice President,,Kamala D. Harris and Tim Walz,Democratic,KOSSUTH,2284
President/Vice President,,Donald J. Trump and JD Vance,Republican,KOSSUTH,5983
President/Vice President,,Chase Oliver and Mike ter Maat,Libertarian,KOSSUTH,24
President/Vice President,,Shiva Ayyadurai and Crystal Ellis,Independent,KOSSUTH,3
President/Vice President,,Claudia De la Cruz and Karina Garcia,Party for Socialism and Liberation,KOSSUTH,3
President/Vice President,,William P. Stodden and Stephanie H. Cholensky,Independent,KOSSUTH,1
President/Vice President,,Robert F. Kennedy Jr and Nicole Shanahan,Independent,KOSSUTH,78
President/Vice President,,Write-in,Write-In,KOSSUTH,21
President/Vice President,,Kamala D. Harris and Tim Walz,Democratic,LEE,5659
President/Vice President,,Donald J. Trump and JD Vance,Republican,LEE,10152
President/Vice President,,Chase Oliver and Mike ter Maat,Libertarian,LEE,87
President/Vice President,,Shiva Ayyadurai and Crystal Ellis,Independent,LEE,12
President/Vice President,,Claudia De la Cruz and Karina Garcia,Party for Socialism and Liberation,LEE,6
President/Vice President,,William P. Stodden and Stephanie H. Cholensky,Independent,LEE,3
President/Vice President,,Robert F. Kennedy Jr and Nicole Shanahan,Independent,LEE,235
President/Vice President,,Write-in,Write-In,LEE,44
President/Vice President,,Kamala D. Harris and Tim Walz,Democratic,LINN,66358
President/Vice President,,Donald J. Trump and JD Vance,Republican,LINN,54237
President/Vice President,,Chase Oliver and Mike ter Maat,Libertarian,LINN,667
President/Vice President,,Shiva Ayyadurai and Crystal Ellis,Independent,LINN,40
President/Vice President,,Claudia De la Cruz and Karina Garcia,Party for Socialism and Liberation,LINN,101
President/Vice President,,William P. Stodden and Stephanie H. Cholensky,Independent,LINN,28
President/Vice President,,Robert F. Kennedy Jr and Nicole Shanahan,Independent,LINN,938
President/Vice President,,Write-in,Write-In,LINN,590
President/Vice President,,Kamala D. Harris and Tim Walz,Democratic,LOUISA,1480
President/Vice President,,Donald J. Trump and JD Vance,Republican,LOUISA,3584
President/Vice President,,Chase Oliver and Mike ter Maat,Libertarian,LOUISA,16
President/Vice President,,Shiva Ayyadurai and Crystal Ellis,Independent,LOUISA,2
President/Vice President,,Claudia De la Cruz and Karina Garcia,Party for Socialism and Liberation,LOUISA,4
President/Vice President,,William P. Stodden and Stephanie H. Cholensky,Independent,LOUISA,1
President/Vice President,,Robert F. Kennedy Jr and Nicole Shanahan,Independent,LOUISA,49
President/Vice President,,Write-in,Write-In,LOUISA,6
President/Vice President,,Kamala D. Harris and Tim Walz,Democratic,LUCAS,1169
President/Vice President,,Donald J. Trump and JD Vance,Republican,LUCAS,3400
President/Vice President,,Chase Oliver and Mike ter Maat,Libertarian,LUCAS,11
President/Vice President,,Shiva Ayyadurai and Crystal Ellis,Independent,LUCAS,1
President/Vice President,,Claudia De la Cruz and Karina Garcia,Party for Socialism and Liberation,LUCAS,2
President/Vice President,,William P. Stodden and Stephanie H. Cholensky,Independent,LUCAS,0
President/Vice President,,Robert F. Kennedy Jr and Nicole Shanahan,Independent,LUCAS,56
President/Vice President,,Write-in,Write-In,LUCAS,7
President/Vice President,,Kamala D. Harris and Tim Walz,Democratic,LYON,1023
President/Vice President,,Donald J. Trump and JD Vance,Republican,LYON,5899
President/Vice President,,Chase Oliver and Mike ter Maat,Libertarian,LYON,20
President/Vice President,,Shiva Ayyadurai and Crystal Ellis,Independent,LYON,1
President/Vice President,,Claudia De la Cruz and Karina Garcia,Party for Socialism and Liberation,LYON,2
President/Vice President,,William P. Stodden and Stephanie H. Cholensky,Independent,LYON,1
President/Vice President,,Robert F. Kennedy Jr and Nicole Shanahan,Independent,LYON,38
President/Vice President,,Write-in,Write-In,LYON,18
President/Vice President,,Kamala D. Harris and Tim Walz,Democratic,MADISON,3008
President/Vice President,,Donald J. Trump and JD Vance,Republican,MADISON,6864
President/Vice President,,Chase Oliver and Mike ter Maat,Libertarian,MADISON,46
President/Vice President,,Shiva Ayyadurai and Crystal Ellis,Independent,MADISON,2
President/Vice President,,Claudia De la Cruz and Karina Garcia,Party for Socialism and Liberation,MADISON,4
President/Vice President,,William P. Stodden and Stephanie H. Cholensky,Independent,MADISON,3
President/Vice President,,Robert F. Kennedy Jr and Nicole Shanahan,Independent,MADISON,68
President/Vice President,,Write-in,Write-In,MADISON,33
President/Vice President,,Kamala D. Harris and Tim Walz,Democratic,MAHASKA,2577
President/Vice President,,Donald J. Trump and JD Vance,Republican,MAHASKA,8207
President/Vice President,,Chase Oliver and Mike ter Maat,Libertarian,MAHASKA,41
President/Vice President,,Shiva Ayyadurai and Crystal Ellis,Independent,MAHASKA,1
President/Vice President,,Claudia De la Cruz and Karina Garcia,Party for Socialism and Liberation,MAHASKA,2
President/Vice President,,William P. Stodden and Stephanie H. Cholensky,Independent,MAHASKA,0
President/Vice President,,Robert F. Kennedy Jr and Nicole Shanahan,Independent,MAHASKA,82
President/Vice President,,Write-in,Write-In,MAHASKA,36
President/Vice President,,Kamala D. Harris and Tim Walz,Democratic,MARION,5928
President/Vice President,,Donald J. Trump and JD Vance,Republican,MARION,13289
President/Vice President,,Chase Oliver and Mike ter Maat,Libertarian,MARION,97
President/Vice President,,Shiva Ayyadurai and Crystal Ellis,Independent,MARION,2
President/Vice President,,Claudia De la Cruz and Karina Garcia,Party for Socialism and Liberation,MARION,7
President/Vice President,,William P. Stodden and Stephanie H. Cholensky,Independent,MARION,4
President/Vice President,,Robert F. Kennedy Jr and Nicole Shanahan,Independent,MARION,163
President/Vice President,,Write-in,Write-In,MARION,76
President/Vice President,,Kamala D. Harris and Tim Walz,Democratic,MARSHALL,7134
President/Vice President,,Donald J. Trump and JD Vance,Republican,MARSHALL,9815
President/Vice President,,Chase Oliver and Mike ter Maat,Libertarian,MARSHALL,77
President/Vice President,,Shiva Ayyadurai and Crystal Ellis,Independent,MARSHALL,1
President/Vice President,,Claudia De la Cruz and Karina Garcia,Party for Socialism and Liberation,MARSHALL,16
President/Vice President,,William P. Stodden and Stephanie H. Cholensky,Independent,MARSHALL,4
President/Vice President,,Robert F. Kennedy Jr and Nicole Shanahan,Independent,MARSHALL,170
President/Vice President,,Write-in,Write-In,MARSHALL,53
President/Vice President,,Kamala D. Harris and Tim Walz,Democratic,MILLS,2456
President/Vice President,,Donald J. Trump and JD Vance,Republican,MILLS,5671
President/Vice President,,Chase Oliver and Mike ter Maat,Libertarian,MILLS,42
President/Vice President,,Shiva Ayyadurai and Crystal Ellis,Independent,MILLS,1
President/Vice President,,Claudia De la Cruz and Karina Garcia,Party for Socialism and Liberation,MILLS,1
President/Vice President,,William P. Stodden and Stephanie H. Cholensky,Independent,MILLS,1
President/Vice President,,Robert F. Kennedy Jr and Nicole Shanahan,Independent,MILLS,51
President/Vice President,,Write-in,Write-In,MILLS,30
President/Vice President,,Kamala D. Harris and Tim Walz,Democratic,MITCHELL,1943
President/Vice President,,Donald J. Trump and JD Vance,Republican,MITCHELL,3736
President/Vice President,,Chase Oliver and Mike ter Maat,Libertarian,MITCHELL,24
President/Vice President,,Shiva Ayyadurai and Crystal Ellis,Independent,MITCHELL,1
President/Vice President,,Claudia De la Cruz and Karina Garcia,Party for Socialism and Liberation,MITCHELL,1
President/Vice President,,William P. Stodden and Stephanie H. Cholensky,Independent,MITCHELL,2
President/Vice President,,Robert F. Kennedy Jr and Nicole Shanahan,Independent,MITCHELL,50
President/Vice President,,Write-in,Write-In,MITCHELL,14
President/Vice President,,Kamala D. Harris and Tim Walz,Democratic,MONONA,1236
President/Vice President,,Donald J. Trump and JD Vance,Republican,MONONA,3331
President/Vice President,,Chase Oliver and Mike ter Maat,Libertarian,MONONA,11
President/Vice President,,Shiva Ayyadurai and Crystal Ellis,Independent,MONONA,0
President/Vice President,,Claudia De la Cruz and Karina Garcia,Party for Socialism and Liberation,MONONA,2
President/Vice President,,William P. Stodden and Stephanie H. Cholensky,Independent,MONONA,2
President/Vice President,,Robert F. Kennedy Jr and Nicole Shanahan,Independent,MONONA,34
President/Vice President,,Write-in,Write-In,MONONA,21
President/Vice President,,Kamala D. Harris and Tim Walz,Democratic,MONROE,1002
President/Vice President,,Donald J. Trump and JD Vance,Republican,MONROE,3104
President/Vice President,,Chase Oliver and Mike ter Maat,Libertarian,MONROE,6
President/Vice President,,Shiva Ayyadurai and Crystal Ellis,Independent,MONROE,0
President/Vice President,,Claudia De la Cruz and Karina Garcia,Party for Socialism and Liberation,MONROE,1
President/Vice President,,William P. Stodden and Stephanie H. Cholensky,Independent,MONROE,2
President/Vice President,,Robert F. Kennedy Jr and Nicole Shanahan,Independent,MONROE,31
President/Vice President,,Write-in,Write-In,MONROE,12
President/Vice President,,Kamala D. Harris and Tim Walz,Democratic,MONTGOMERY,1508
President/Vice President,,Donald J. Trump and JD Vance,Republican,MONTGOMERY,3486
President/Vice President,,Chase Oliver and Mike ter Maat,Libertarian,MONTGOMERY,18
President/Vice President,,Shiva Ayyadurai and Crystal Ellis,Independent,MONTGOMERY,2
President/Vice President,,Claudia De la Cruz and Karina Garcia,Party for Socialism and Liberation,MONTGOMERY,3
President/Vice President,,William P. Stodden and Stephanie H. Cholensky,Independent,MONTGOMERY,2
President/Vice President,,Robert F. Kennedy Jr and Nicole Shanahan,Independent,MONTGOMERY,42
President/Vice President,,Write-in,Write-In,MONTGOMERY,13
President/Vice President,,Kamala D. Harris and Tim Walz,Democratic,MUSCATINE,8212
President/Vice President,,Donald J. Trump and JD Vance,Republican,MUSCATINE,11152
President/Vice President,,Chase Oliver and Mike ter Maat,Libertarian,MUSCATINE,87
President/Vice President,,Shiva Ayyadurai and Crystal Ellis,Independent,MUSCATINE,6
President/Vice President,,Claudia De la Cruz and Karina Garcia,Party for Socialism and Liberation,MUSCATINE,26
President/Vice President,,William P. Stodden and Stephanie H. Cholensky,Independent,MUSCATINE,8
President/Vice President,,Robert F. Kennedy Jr and Nicole Shanahan,Independent,MUSCATINE,204
President/Vice President,,Write-in,Write-In,MUSCATINE,57
President/Vice President,,Kamala D. Harris and Tim Walz,Democratic,O'BRIEN,1428
President/Vice President,,Donald J. Trump and JD Vance,Republican,O'BRIEN,5998
President/Vice President,,Chase Oliver and Mike ter Maat,Libertarian,O'BRIEN,22
President/Vice President,,Shiva Ayyadurai and Crystal Ellis,Independent,O'BRIEN,0
President/Vice President,,Claudia De la Cruz and Karina Garcia,Party for Socialism and Liberation,O'BRIEN,3
President/Vice President,,William P. Stodden and Stephanie H. Cholensky,Independent,O'BRIEN,2
President/Vice President,,Robert F. Kennedy Jr and Nicole Shanahan,Independent,O'BRIEN,48
President/Vice President,,Write-in,Write-In,O'BRIEN,24
President/Vice President,,Kamala D. Harris and Tim Walz,Democratic,OSCEOLA,555
President/Vice President,,Donald J. Trump and JD Vance,Republican,OSCEOLA,2623
President/Vice President,,Chase Oliver and Mike ter Maat,Libertarian,OSCEOLA,6
President/Vice President,,Shiva Ayyadurai and Crystal Ellis,Independent,OSCEOLA,1
President/Vice President,,Claudia De la Cruz and Karina Garcia,Party for Socialism and Liberation,OSCEOLA,1
President/Vice President,,William P. Stodden and Stephanie H. Cholensky,Independent,OSCEOLA,1
President/Vice President,,Robert F. Kennedy Jr and Nicole Shanahan,Independent,OSCEOLA,32
President/Vice President,,Write-in,Write-In,OSCEOLA,10
President/Vice President,,Kamala D. Harris and Tim Walz,Democratic,PAGE,2060
President/Vice President,,Donald J. Trump and JD Vance,Republican,PAGE,5153
President/Vice President,,Chase Oliver and Mike ter Maat,Libertarian,PAGE,28
President/Vice President,,Shiva Ayyadurai and Crystal Ellis,Independent,PAGE,2
President/Vice President,,Claudia De la Cruz and Karina Garcia,Party for Socialism and Liberation,PAGE,2
President/Vice President,,William P. Stodden and Stephanie H. Cholensky,Independent,PAGE,1
President/Vice President,,Robert F. Kennedy Jr and Nicole Shanahan,Independent,PAGE,51
President/Vice President,,Write-in,Write-In,PAGE,25
President/Vice President,,Kamala D. Harris and Tim Walz,Democratic,PALO ALTO,1338
President/Vice President,,Donald J. Trump and JD Vance,Republican,PALO ALTO,3576
President/Vice President,,Chase Oliver and Mike ter Maat,Libertarian,PALO ALTO,14
President/Vice President,,Shiva Ayyadurai and Crystal Ellis,Independent,PALO ALTO,0
President/Vice President,,Claudia De la Cruz and Karina Garcia,Party for Socialism and Liberation,PALO ALTO,2
President/Vice President,,William P. Stodden and Stephanie H. Cholensky,Independent,PALO ALTO,1
President/Vice President,,Robert F. Kennedy Jr and Nicole Shanahan,Independent,PALO ALTO,45
President/Vice President,,Write-in,Write-In,PALO ALTO,6
President/Vice President,,Kamala D. Harris and Tim Walz,Democratic,PLYMOUTH,3104
President/Vice President,,Donald J. Trump and JD Vance,Republican,PLYMOUTH,10661
President/Vice President,,Chase Oliver and Mike ter Maat,Libertarian,PLYMOUTH,45
President/Vice President,,Shiva Ayyadurai and Crystal Ellis,Independent,PLYMOUTH,3
President/Vice President,,Claudia De la Cruz and Karina Garcia,Party for Socialism and Liberation,PLYMOUTH,7
President/Vice President,,William P. Stodden and Stephanie H. Cholensky,Independent,PLYMOUTH,4
President/Vice President,,Robert F. Kennedy Jr and Nicole Shanahan,Independent,PLYMOUTH,107
President/Vice President,,Write-in,Write-In,PLYMOUTH,40
President/Vice President,,Kamala D. Harris and Tim Walz,Democratic,POCAHONTAS,796
President/Vice President,,Donald J. Trump and JD Vance,Republican,POCAHONTAS,2727
President/Vice President,,Chase Oliver and Mike ter Maat,Libertarian,POCAHONTAS,20
President/Vice President,,Shiva Ayyadurai and Crystal Ellis,Independent,POCAHONTAS,0
President/Vice President,,Claudia De la Cruz and Karina Garcia,Party for Socialism and Liberation,POCAHONTAS,2
President/Vice President,,William P. Stodden and Stephanie H. Cholensky,Independent,POCAHONTAS,0
President/Vice President,,Robert F. Kennedy Jr and Nicole Shanahan,Independent,POCAHONTAS,28
President/Vice President,,Write-in,Write-In,POCAHONTAS,9
President/Vice President,,Kamala D. Harris and Tim Walz,Democratic,POLK,140075
President/Vice President,,Donald J. Trump and JD Vance,Republican,POLK,112240
President/Vice President,,Chase Oliver and Mike ter Maat,Libertarian,POLK,1211
President/Vice President,,Shiva Ayyadurai and Crystal Ellis,Independent,POLK,62
President/Vice President,,Claudia De la Cruz and Karina Garcia,Party for Socialism and Liberation,POLK,321
President/Vice President,,William P. Stodden and Stephanie H. Cholensky,Independent,POLK,58
President/Vice President,,Robert F. Kennedy Jr and Nicole Shanahan,Independent,POLK,1596
President/Vice President,,Write-in,Write-In,POLK,1275
President/Vice President,,Kamala D. Harris and Tim Walz,Democratic,POTTAWATTAMIE,17468
President/Vice President,,Donald J. Trump and JD Vance,Republican,POTTAWATTAMIE,26335
President/Vice President,,Chase Oliver and Mike ter Maat,Libertarian,POTTAWATTAMIE,190
President/Vice President,,Shiva Ayyadurai and Crystal Ellis,Independent,POTTAWATTAMIE,13
President/Vice President,,Claudia De la Cruz and Karina Garcia,Party for Socialism and Liberation,POTTAWATTAMIE,17
President/Vice President,,William P. Stodden and Stephanie H. Cholensky,Independent,POTTAWATTAMIE,3
President/Vice President,,Robert F. Kennedy Jr and Nicole Shanahan,Independent,POTTAWATTAMIE,385
President/Vice President,,Write-in,Write-In,POTTAWATTAMIE,148
President/Vice President,,Kamala D. Harris and Tim Walz,Democratic,POWESHIEK,4067
President/Vice President,,Donald J. Trump and JD Vance,Republican,POWESHIEK,5758
President/Vice President,,Chase Oliver and Mike ter Maat,Libertarian,POWESHIEK,33
President/Vice President,,Shiva Ayyadurai and Crystal Ellis,Independent,POWESHIEK,2
President/Vice President,,Claudia De la Cruz and Karina Garcia,Party for Socialism and Liberation,POWESHIEK,10
President/Vice President,,William P. Stodden and Stephanie H. Cholensky,Independent,POWESHIEK,4
President/Vice President,,Robert F. Kennedy Jr and Nicole Shanahan,Independent,POWESHIEK,97
President/Vice President,,Write-in,Write-In,POWESHIEK,42
President/Vice President,,Kamala D. Harris and Tim Walz,Democratic,RINGGOLD,638
President/Vice President,,Donald J. Trump and JD Vance,Republican,RINGGOLD,2015
President/Vice President,,Chase Oliver and Mike ter Maat,Libertarian,RINGGOLD,3
President/Vice President,,Shiva Ayyadurai and Crystal Ellis,Independent,RINGGOLD,0
President/Vice President,,Claudia De la Cruz and Karina Garcia,Party for Socialism and Liberation,RINGGOLD,0
President/Vice President,,William P. Stodden and Stephanie H. Cholensky,Independent,RINGGOLD,0
President/Vice President,,Robert F. Kennedy Jr and Nicole Shanahan,Independent,RINGGOLD,27
President/Vice President,,Write-in,Write-In,RINGGOLD,3
President/Vice President,,Kamala D. Harris and Tim Walz,Democratic,SAC,1289
President/Vice President,,Donald J. Trump and JD Vance,Republican,SAC,4100
President/Vice President,,Chase Oliver and Mike ter Maat,Libertarian,SAC,13
President/Vice President,,Shiva Ayyadurai and Crystal Ellis,Independent,SAC,2
President/Vice President,,Claudia De la Cruz and Karina Garcia,Party for Socialism and Liberation,SAC,1
President/Vice President,,William P. Stodden and Stephanie H. Cholensky,Independent,SAC,3
President/Vice President,,Robert F. Kennedy Jr and Nicole Shanahan,Independent,SAC,40
President/Vice President,,Write-in,Write-In,SAC,12
President/Vice President,,Kamala D. Harris and Tim Walz,Democratic,SCOTT,42479
President/Vice President,,Donald J. Trump and JD Vance,Republican,SCOTT,45976
President/Vice President,,Chase Oliver and Mike ter Maat,Libertarian,SCOTT,439
President/Vice President,,Shiva Ayyadurai and Crystal Ellis,Independent,SCOTT,20
President/Vice President,,Claudia De la Cruz and Karina Garcia,Party for Socialism and Liberation,SCOTT,86
President/Vice President,,William P. Stodden and Stephanie H. Cholensky,Independent,SCOTT,20
President/Vice President,,Robert F. Kennedy Jr and Nicole Shanahan,Independent,SCOTT,723
President/Vice President,,Write-in,Write-In,SCOTT,390
President/Vice President,,Kamala D. Harris and Tim Walz,Democratic,SHELBY,1811
President/Vice President,,Donald J. Trump and JD Vance,Republican,SHELBY,4600
President/Vice President,,Chase Oliver and Mike ter Maat,Libertarian,SHELBY,21
President/Vice President,,Shiva Ayyadurai and Crystal Ellis,Independent,SHELBY,0
President/Vice President,,Claudia De la Cruz and Karina Garcia,Party for Socialism and Liberation,SHELBY,3
President/Vice President,,William P. Stodden and Stephanie H. Cholensky,Independent,SHELBY,2
President/Vice President,,Robert F. Kennedy Jr and Nicole Shanahan,Independent,SHELBY,49
President/Vice President,,Write-in,Write-In,SHELBY,19
President/Vice President,,Kamala D. Harris and Tim Walz,Democratic,SIOUX,2626
President/Vice President,,Donald J. Trump and JD Vance,Republican,SIOUX,16053
President/Vice President,,Chase Oliver and Mike ter Maat,Libertarian,SIOUX,78
President/Vice President,,Shiva Ayyadurai and Crystal Ellis,Independent,SIOUX,9
President/Vice President,,Claudia De la Cruz and Karina Garcia,Party for Socialism and Liberation,SIOUX,7
President/Vice President,,William P. Stodden and Stephanie H. Cholensky,Independent,SIOUX,1
President/Vice President,,Robert F. Kennedy Jr and Nicole Shanahan,Independent,SIOUX,107
President/Vice President,,Write-in,Write-In,SIOUX,120
President/Vice President,,Kamala D. Harris and Tim Walz,Democratic,STORY,26765
President/Vice President,,Donald J. Trump and JD Vance,Republican,STORY,21665
President/Vice President,,Chase Oliver and Mike ter Maat,Libertarian,STORY,303
President/Vice President,,Shiva Ayyadurai and Crystal Ellis,Independent,STORY,16
President/Vice President,,Claudia De la Cruz and Karina Garcia,Party for Socialism and Liberation,STORY,77
President/Vice President,,William P. Stodden and Stephanie H. Cholensky,Independent,STORY,20
President/Vice President,,Robert F. Kennedy Jr and Nicole Shanahan,Independent,STORY,354
President/Vice President,,Write-in,Write-In,STORY,326
President/Vice President,,Kamala D. Harris and Tim Walz,Democratic,TAMA,3070
President/Vice President,,Donald J. Trump and JD Vance,Republican,TAMA,5379
President/Vice President,,Chase Oliver and Mike ter Maat,Libertarian,TAMA,41
President/Vice President,,Shiva Ayyadurai and Crystal Ellis,Independent,TAMA,1
President/Vice President,,Claudia De la Cruz and Karina Garcia,Party for Socialism and Liberation,TAMA,2
President/Vice President,,William P. Stodden and Stephanie H. Cholensky,Independent,TAMA,2
President/Vice President,,Robert F. Kennedy Jr and Nicole Shanahan,Independent,TAMA,99
President/Vice President,,Write-in,Write-In,TAMA,22
President/Vice President,,Kamala D. Harris and Tim Walz,Democratic,TAYLOR,666
President/Vice President,,Donald J. Trump and JD Vance,Republican,TAYLOR,2381
President/Vice President,,Chase Oliver and Mike ter Maat,Libertarian,TAYLOR,7
President/Vice President,,Shiva Ayyadurai and Crystal Ellis,Independent,TAYLOR,1
President/Vice President,,Claudia De la Cruz and Karina Garcia,Party for Socialism and Liberation,TAYLOR,0
President/Vice President,,William P. Stodden and Stephanie H. Cholensky,Independent,TAYLOR,2
President/Vice President,,Robert F. Kennedy Jr and Nicole Shanahan,Independent,TAYLOR,21
President/Vice President,,Write-in,Write-In,TAYLOR,3
President/Vice President,,Kamala D. Harris and Tim Walz,Democratic,UNION,1874
President/Vice President,,Donald J. Trump and JD Vance,Republican,UNION,4044
President/Vice President,,Chase Oliver and Mike ter Maat,Libertarian,UNION,19
President/Vice President,,Shiva Ayyadurai and Crystal Ellis,Independent,UNION,0
President/Vice President,,Claudia De la Cruz and Karina Garcia,Party for Socialism and Liberation,UNION,2
President/Vice President,,William P. Stodden and Stephanie H. Cholensky,Independent,UNION,4
President/Vice President,,Robert F. Kennedy Jr and Nicole Shanahan,Independent,UNION,53
President/Vice President,,Write-in,Write-In,UNION,17
President/Vice President,,Kamala D. Harris and Tim Walz,Democratic,VAN BUREN,778
President/Vice President,,Donald J. Trump and JD Vance,Republican,VAN BUREN,2785
President/Vice President,,Chase Oliver and Mike ter Maat,Libertarian,VAN BUREN,20
President/Vice President,,Shiva Ayyadurai and Crystal Ellis,Independent,VAN BUREN,0
President/Vice President,,Claudia De la Cruz and Karina Garcia,Party for Socialism and Liberation,VAN BUREN,2
President/Vice President,,William P. Stodden and Stephanie H. Cholensky,Independent,VAN BUREN,0
President/Vice President,,Robert F. Kennedy Jr and Nicole Shanahan,Independent,VAN BUREN,37
President/Vice President,,Write-in,Write-In,VAN BUREN,3
President/Vice President,,Kamala D. Harris and Tim Walz,Democratic,WAPELLO,4896
President/Vice President,,Donald J. Trump and JD Vance,Republican,WAPELLO,9479
President/Vice President,,Chase Oliver and Mike ter Maat,Libertarian,WAPELLO,52
President/Vice President,,Shiva Ayyadurai and Crystal Ellis,Independent,WAPELLO,3
President/Vice President,,Claudia De la Cruz and Karina Garcia,Party for Socialism and Liberation,WAPELLO,13
President/Vice President,,William P. Stodden and Stephanie H. Cholensky,Independent,WAPELLO,1
President/Vice President,,Robert F. Kennedy Jr and Nicole Shanahan,Independent,WAPELLO,127
President/Vice President,,Write-in,Write-In,WAPELLO,12
President/Vice President,,Kamala D. Harris and Tim Walz,Democratic,WARREN,12712
President/Vice President,,Donald J. Trump and JD Vance,Republican,WARREN,19486
President/Vice President,,Chase Oliver and Mike ter Maat,Libertarian,WARREN,171
President/Vice President,,Shiva Ayyadurai and Crystal Ellis,Independent,WARREN,11
President/Vice President,,Claudia De la Cruz and Karina Garcia,Party for Socialism and Liberation,WARREN,12
President/Vice President,,William P. Stodden and Stephanie H. Cholensky,Independent,WARREN,5
President/Vice President,,Robert F. Kennedy Jr and Nicole Shanahan,Independent,WARREN,265
President/Vice President,,Write-in,Write-In,WARREN,142
President/Vice President,,Kamala D. Harris and Tim Walz,Democratic,WASHINGTON,4297
President/Vice President,,Donald J. Trump and JD Vance,Republican,WASHINGTON,7119
President/Vice President,,Chase Oliver and Mike ter Maat,Libertarian,WASHINGTON,48
President/Vice President,,Shiva Ayyadurai and Crystal Ellis,Independent,WASHINGTON,0
President/Vice President,,Claudia De la Cruz and Karina Garcia,Party for Socialism and Liberation,WASHINGTON,13
President/Vice President,,William P. Stodden and Stephanie H. Cholensky,Independent,WASHINGTON,2
President/Vice President,,Robert F. Kennedy Jr and Nicole Shanahan,Independent,WASHINGTON,72
President/Vice President,,Write-in,Write-In,WASHINGTON,37
President/Vice President,,Kamala D. Harris and Tim Walz,Democratic,WAYNE,643
President/Vice President,,Donald J. Trump and JD Vance,Republican,WAYNE,2426
President/Vice President,,Chase Oliver and Mike ter Maat,Libertarian,WAYNE,12
President/Vice President,,Shiva Ayyadurai and Crystal Ellis,Independent,WAYNE,2
President/Vice President,,Claudia De la Cruz and Karina Garcia,Party for Socialism and Liberation,WAYNE,0
President/Vice President,,William P. Stodden and Stephanie H. Cholensky,Independent,WAYNE,0
President/Vice President,,Robert F. Kennedy Jr and Nicole Shanahan,Independent,WAYNE,36
President/Vice President,,Write-in,Write-In,WAYNE,5
President/Vice President,,Kamala D. Harris and Tim Walz,Democratic,WEBSTER,5641
President/Vice President,,Donald J. Trump and JD Vance,Republican,WEBSTER,10850
President/Vice President,,Chase Oliver and Mike ter Maat,Libertarian,WEBSTER,53
President/Vice President,,Shiva Ayyadurai and Crystal Ellis,Independent,WEBSTER,4
President/Vice President,,Claudia De la Cruz and Karina Garcia,Party for Socialism and Liberation,WEBSTER,7
President/Vice President,,William P. Stodden and Stephanie H. Cholensky,Independent,WEBSTER,0
President/Vice President,,Robert F. Kennedy Jr and Nicole Shanahan,Independent,WEBSTER,151
President/Vice President,,Write-in,Write-In,WEBSTER,42
President/Vice President,,Kamala D. Harris and Tim Walz,Democratic,WINNEBAGO,1909
President/Vice President,,Donald J. Trump and JD Vance,Republican,WINNEBAGO,3636
President/Vice President,,Chase Oliver and Mike ter Maat,Libertarian,WINNEBAGO,21
President/Vice President,,Shiva Ayyadurai and Crystal Ellis,Independent,WINNEBAGO,2
President/Vice President,,Claudia De la Cruz and Karina Garcia,Party for Socialism and Liberation,WINNEBAGO,1
President/Vice President,,William P. Stodden and Stephanie H. Cholensky,Independent,WINNEBAGO,2
President/Vice President,,Robert F. Kennedy Jr and Nicole Shanahan,Independent,WINNEBAGO,56
President/Vice President,,Write-in,Write-In,WINNEBAGO,15
President/Vice President,,Kamala D. Harris and Tim Walz,Democratic,WINNESHIEK,5321
President/Vice President,,Donald J. Trump and JD Vance,Republican,WINNESHIEK,6427
President/Vice President,,Chase Oliver and Mike ter Maat,Libertarian,WINNESHIEK,46
President/Vice President,,Shiva Ayyadurai and Crystal Ellis,Independent,WINNESHIEK,3
President/Vice President,,Claudia De la Cruz and Karina Garcia,Party for Socialism and Liberation,WINNESHIEK,9
President/Vice President,,William P. Stodden and Stephanie H. Cholensky,Independent,WINNESHIEK,4
President/Vice President,,Robert F. Kennedy Jr and Nicole Shanahan,Independent,WINNESHIEK,117
President/Vice President,,Write-in,Write-In,WINNESHIEK,52
President/Vice President,,Kamala D. Harris and Tim Walz,Democratic,WOODBURY,16145
President/Vice President,,Donald J. Trump and JD Vance,Republican,WOODBURY,25969
President/Vice President,,Chase Oliver and Mike ter Maat,Libertarian,WOODBURY,159
President/Vice President,,Shiva Ayyadurai and Crystal Ellis,Independent,WOODBURY,9
President/Vice President,,Claudia De la Cruz and Karina Garcia,Party for Socialism and Liberation,WOODBURY,34
President/Vice President,,William P. Stodden and Stephanie H. Cholensky,Independent,WOODBURY,7
President/Vice President,,Robert F. Kennedy Jr and Nicole Shanahan,Independent,WOODBURY,351
President/Vice President,,Write-in,Write-In,WOODBURY,247
President/Vice President,,Kamala D. Harris and Tim Walz,Democratic,WORTH,1508
President/Vice President,,Donald J. Trump and JD Vance,Republican,WORTH,2715
President/Vice President,,Chase Oliver and Mike ter Maat,Libertarian,WORTH,13
President/Vice President,,Shiva Ayyadurai and Crystal Ellis,Independent,WORTH,0
President/Vice President,,Claudia De la Cruz and Karina Garcia,Party for Socialism and Liberation,WORTH,3
President/Vice President,,William P. Stodden and Stephanie H. Cholensky,Independent,WORTH,1
President/Vice President,,Robert F. Kennedy Jr and Nicole Shanahan,Independent,WORTH,38
President/Vice President,,Write-in,Write-In,WORTH,9
President/Vice President,,Kamala D. Harris and Tim Walz,Democratic,WRIGHT,1770
President/Vice President,,Donald J. Trump and JD Vance,Republican,WRIGHT,3853
President/Vice President,,Chase Oliver and Mike ter Maat,Libertarian,WRIGHT,9
President/Vice President,,Shiva Ayyadurai and Crystal Ellis,Independent,WRIGHT,1
President/Vice President,,Claudia De la Cruz and Karina Garcia,Party for Socialism and Liberation,WRIGHT,5
President/Vice President,,William P. Stodden and Stephanie H. Cholensky,Independent,WRIGHT,3
President/Vice President,,Robert F. Kennedy Jr and Nicole Shanahan,Independent,WRIGHT,65
President/Vice President,,Write-in,Write-In,WRIGHT,17
President/Vice President,,Kamala D. Harris and Tim Walz,Democratic,TOTAL:,707278
President/Vice President,,Donald J. Trump and JD Vance,Republican,TOTAL:,927019
President/Vice President,,Chase Oliver and Mike ter Maat,Libertarian,TOTAL:,7218
President/Vice President,,Shiva Ayyadurai and Crystal Ellis,Independent,TOTAL:,424
President/Vice President,,Claudia De la Cruz and Karina Garcia,Party for Socialism and Liberation,TOTAL:,1427
President/Vice President,,William P. Stodden and Stephanie H. Cholensky,Independent,TOTAL:,361
President/Vice President,,Robert F. Kennedy Jr and Nicole Shanahan,Independent,TOTAL:,13122
President/Vice President,,Write-in,Write-In,TOTAL:,6657
